,None,Lives_In,Exhibits,micro avg,macro avg,weighted avg,samples avg
precision,0.5206611570247934,0.42386831275720166,0.15384615384615385,0.45217391304347826,0.3661252078760497,0.4376123781528283,0.3355426677713339
recall,0.4193011647254576,0.4557522123893805,0.06493506493506493,0.3877381938690969,0.313329480683301,0.3877381938690969,0.3877381938690969
f1-score,0.46451612903225803,0.43923240938166314,0.091324200913242,0.4174843889384478,0.3316909131090544,0.4074326176715311,0.35266500966583814
support,601.0,452.0,154.0,1207.0,1207.0,1207.0,1207.0
